category,agreement_rate,disagreement_rate
stem,0.7065217391304348,0.2934782608695652
extraction,0.6307692307692307,0.36923076923076925
roleplay,0.6068376068376068,0.3931623931623932
humanities,0.597165991902834,0.40283400809716596
writing,0.5769230769230769,0.42307692307692313
coding,0.49,0.51
math,0.3624454148471616,0.6375545851528384
reasoning,0.3141025641025641,0.6858974358974359
